{
  "version": "2.0+v2.0-1fc3a2d-aa91f07f", 
  "net": "alex_net", 
  "batch": 1000, 
  "resource": {
    "proc_region": [
      [
        5, 
        5
      ], 
      [
        0, 
        0
      ], 
      [
        1, 
        1
      ], 
      0, 
      5, 
      5
    ], 
    "dram_region": [
      [
        2, 
        2
      ], 
      [
        0, 
        0
      ], 
      [
        4, 
        4
      ], 
      1, 
      2, 
      2
    ], 
    "src_data_region": [
      [
        2, 
        2
      ], 
      [
        0, 
        0
      ], 
      [
        4, 
        4
      ], 
      1, 
      2, 
      2
    ], 
    "dst_data_region": [
      [
        2, 
        2
      ], 
      [
        0, 
        0
      ], 
      [
        4, 
        4
      ], 
      1, 
      2, 
      2
    ], 
    "dim_array": [
      7, 
      7
    ], 
    "size_gbuf": 102400, 
    "size_regf": 512, 
    "array_bus_width": Infinity, 
    "dram_bandwidth": Infinity, 
    "no_time_mux": false
  }, 
  "cost": {
    "mac_op": 1, 
    "mem_hier": [
      200, 
      6, 
      2, 
      1
    ], 
    "noc_hop": 10, 
    "idl_unit": 0
  }, 
  "options": {
    "sw_gbuf_bypass": [
      true, 
      true, 
      true
    ], 
    "sw_solve_loopblocking": false, 
    "hw_access_forwarding": false, 
    "hw_gbuf_sharing": false, 
    "hw_gbuf_save_writeback": false, 
    "partition_hybrid": false, 
    "partition_batch": false, 
    "partition_ifmaps": false, 
    "partition_interlayer": false, 
    "layer_pipeline_time_ovhd": Infinity, 
    "layer_pipeline_max_degree": Infinity, 
    "layer_pipeline_opt": true, 
    "opt_goal": "e", 
    "ntops": 1, 
    "nprocesses": 4, 
    "verbose": false
  }, 
  "cache_stats": [
    88, 
    121
  ], 
  "elapsed": 144.65384888648987, 
  "total_cost": 4991296900480.0, 
  "total_time": 1064744000, 
  "total_ops": 725508992000.0, 
  "total_accesses": [
    5313713600.0, 
    14919424000.0, 
    64861602400.0, 
    2900933792000.0
  ], 
  "total_noc_hops": 8287164768.0, 
  "total_op_cost": 725508992000.0, 
  "total_access_cost": 4182916260800.0, 
  "total_noc_cost": 82871647680.0, 
  "total_static_cost": 0, 
  "active_node_pes": {
    "conv1_a": 30.25, 
    "pool1_a": 29.16, 
    "conv2_a": 24.3, 
    "pool2_a": 27.039999999999996, 
    "conv1_b": 30.25, 
    "pool1_b": 29.16, 
    "conv2_b": 24.3, 
    "pool2_b": 27.039999999999996, 
    "conv3_a": 27.04, 
    "conv4_a": 27.04, 
    "conv5_a": 27.04, 
    "pool3_a": 12.567272727272725, 
    "conv3_b": 27.04, 
    "conv4_b": 27.04, 
    "conv5_b": 27.04, 
    "pool3_b": 12.567272727272725, 
    "fc1": 40.96, 
    "fc2": 40.96, 
    "fc3": 40.0
  }, 
  "dram_bandwidth": {
    "conv1_a": 5.272692837465565, 
    "pool1_a": 569.4444444444445, 
    "conv2_a": 1.9479166666666667, 
    "pool2_a": 644.4444444444445, 
    "conv1_b": 5.272692837465565, 
    "pool1_b": 569.4444444444445, 
    "conv2_b": 1.9479166666666667, 
    "pool2_b": 644.4444444444445, 
    "conv3_a": 4.3373842592592595, 
    "conv4_a": 4.556018518518519, 
    "conv5_a": 4.874305555555556, 
    "pool3_a": 703.0303030303029, 
    "conv3_b": 4.3373842592592595, 
    "conv4_b": 4.556018518518519, 
    "conv5_b": 4.874305555555556, 
    "pool3_b": 703.0303030303029, 
    "fc1": 8.411219618055556, 
    "fc2": 8.550244140625, 
    "fc3": 26.244140625
  }, 
  "segment_time": [
    69696000, 
    432000, 
    184320000, 
    288000, 
    69696000, 
    432000, 
    184320000, 
    288000, 
    110592000, 
    82944000, 
    55296000, 
    132000, 
    110592000, 
    82944000, 
    55296000, 
    132000, 
    36864000, 
    16384000, 
    4096000
  ], 
  "segment_dram_time": [
    0, 
    0, 
    0, 
    0, 
    0, 
    0, 
    0, 
    0, 
    0, 
    0, 
    0, 
    0, 
    0, 
    0, 
    0, 
    0, 
    0, 
    0, 
    0
  ], 
  "input_layout": [
    [
      [
        [
          0, 
          0, 
          0, 
          0
        ], 
        [
          1000, 
          3, 
          224, 
          224
        ]
      ]
    ], 
    [
      [
        [
          2, 
          2
        ], 
        [
          0, 
          0
        ], 
        [
          4, 
          4
        ], 
        1, 
        2, 
        2
      ]
    ], 
    [
      [
        [
          0, 
          2, 
          3, 
          1
        ], 
        [
          [
            1, 
            1
          ], 
          [
            2, 
            2
          ], 
          [
            1, 
            1
          ], 
          [
            1, 
            1
          ]
        ]
      ]
    ]
  ], 
  "ext_layout_dict": {}, 
  "schedules": {
    "conv1_a": [
      {
        "cost": 379360569600.0, 
        "time": 69696000, 
        "ops": 52707600000.0, 
        "num_nodes": 25, 
        "is_dram": [
          true, 
          true
        ], 
        "cost_op": 52707600000.0, 
        "cost_access": 321238320000.0, 
        "cost_noc": 5414649600.0, 
        "cost_static": 0, 
        "proc_time": 69696000, 
        "bus_time": 0, 
        "dram_time": 0, 
        "access": [
          [
            435600.0, 
            221850000.0, 
            145200000.0
          ], 
          [
            87120000.0, 
            887400000.0, 
            1452000000.0
          ], 
          [
            570240000.0, 
            1101600000.0, 
            9504000000.0
          ], 
          [
            52707600000.0, 
            52707600000.0, 
            105415200000.0
          ]
        ], 
        "remote_gbuf_access": [
          0.0, 
          0.0, 
          0.0
        ], 
        "total_nhops": [
          696960.0, 
          308448000.0, 
          232320000.0
        ], 
        "fetch": [
          [
            1, 
            1, 
            1
          ], 
          [
            200, 
            2, 
            5
          ]
        ], 
        "ti": [
          1, 
          3, 
          1
        ], 
        "to": [
          1, 
          2, 
          24
        ], 
        "tb": [
          200, 
          10, 
          1
        ], 
        "tvals": [
          [
            1, 
            1, 
            200
          ], 
          [
            3, 
            2, 
            10
          ], 
          [
            1, 
            24, 
            1
          ]
        ], 
        "orders": [
          [
            1, 
            2, 
            0
          ], 
          [
            1, 
            2, 
            0
          ]
        ], 
        "size": [
          [
            17424, 
            47430, 
            31680
          ], 
          [
            264, 
            11, 
            24
          ]
        ], 
        "unit_size": [
          [
            121, 
            1581, 
            66
          ], 
          [
            11, 
            11, 
            1
          ]
        ], 
        "unit_cnt": [
          [
            144, 
            30, 
            480
          ], 
          [
            24, 
            1, 
            24
          ]
        ], 
        "accfwd_reduction": [
          1, 
          1, 
          1
        ], 
        "bufshr_grp_size": [
          1, 
          1, 
          1
        ], 
        "bufshr_subgrp_size": [
          1, 
          1, 
          1
        ], 
        "bufshr_bs_t": [
          1, 
          1, 
          1
        ], 
        "bufshr_bs_ord": [
          0, 
          1, 
          2
        ], 
        "bufshr_rot_fetch": [
          0.0, 
          0.0, 
          0.0
        ], 
        "bufshr_rot_round_cnt": [
          0, 
          0, 
          0
        ], 
        "bufshr_rot_unit_cnt": [
          1, 
          1, 
          1
        ], 
        "bufshr_wide_fetch": [
          0.0, 
          0.0, 
          0.0
        ], 
        "bufshr_wide_fetch_width": [
          0.0, 
          0.0, 
          0.0
        ], 
        "part": [
          [
            0, 
            2, 
            3, 
            1
          ], 
          [
            [
              1, 
              1
            ], 
            [
              5, 
              5
            ], 
            [
              1, 
              1
            ], 
            [
              1, 
              1
            ]
          ]
        ], 
        "mem_nhops": [
          696960, 
          308448000, 
          232320000
        ], 
        "node_nhops": [
          0.0, 
          0.0, 
          0.0
        ], 
        "unit_nhops": [
          696960, 
          308448000, 
          232320000
        ]
      }, 
      [
        [
          [
            [
              0, 
              0, 
              0, 
              0
            ], 
            [
              1000, 
              48, 
              55, 
              55
            ]
          ]
        ], 
        [
          [
            [
              2, 
              2
            ], 
            [
              0, 
              0
            ], 
            [
              4, 
              4
            ], 
            1, 
            2, 
            2
          ]
        ], 
        [
          [
            [
              0, 
              2, 
              3, 
              1
            ], 
            [
              [
                1, 
                1
              ], 
              [
                2, 
                2
              ], 
              [
                1, 
                1
              ], 
              [
                1, 
                1
              ]
            ]
          ]
        ]
      ], 
      [
        0, 
        0, 
        0
      ]
    ], 
    "pool1_a": [
      {
        "cost": 54569472000.0, 
        "time": 432000, 
        "ops": 314928000.0, 
        "num_nodes": 25, 
        "is_dram": [
          true, 
          true
        ], 
        "cost_op": 314928000.0, 
        "cost_access": 50965584000.0, 
        "cost_noc": 3288960000.0, 
        "cost_static": 0, 
        "proc_time": 432000, 
        "bus_time": 0, 
        "dram_time": 0, 
        "access": [
          [
            0, 
            202800000.0, 
            43200000.0
          ], 
          [
            0, 
            0.0, 
            0.0
          ], 
          [
            0, 
            280800000.0, 
            129600000.0
          ], 
          [
            0.0, 
            314928000.0, 
            629856000.0
          ]
        ], 
        "remote_gbuf_access": [
          0.0, 
          0.0, 
          0.0
        ], 
        "total_nhops": [
          0.0, 
          271872000.0, 
          57024000.0
        ], 
        "fetch": [
          [
            1, 
            1, 
            1
          ], 
          [
            1, 
            1, 
            1
          ]
        ], 
        "ti": [
          1, 
          1, 
          1
        ], 
        "to": [
          1, 
          1, 
          24
        ], 
        "tb": [
          1, 
          200, 
          5
        ], 
        "tvals": [
          [
            1, 
            1, 
            1
          ], 
          [
            1, 
            1, 
            200
          ], 
          [
            1, 
            24, 
            5
          ]
        ], 
        "orders": [
          [
            0, 
            1, 
            2
          ], 
          [
            0, 
            1, 
            2
          ]
        ], 
        "size": [
          [
            0, 
            0, 
            0
          ], 
          [
            0, 
            360, 
            120
          ]
        ], 
        "unit_size": [
          [
            0, 
            338, 
            72
          ], 
          [
            0, 
            3, 
            1
          ]
        ], 
        "unit_cnt": [
          [
            1, 
            24000, 
            24000
          ], 
          [
            1, 
            120, 
            120
          ]
        ], 
        "accfwd_reduction": [
          1, 
          1, 
          1
        ], 
        "bufshr_grp_size": [
          1, 
          1, 
          1
        ], 
        "bufshr_subgrp_size": [
          1, 
          1, 
          1
        ], 
        "bufshr_bs_t": [
          1, 
          1, 
          1
        ], 
        "bufshr_bs_ord": [
          0, 
          1, 
          2
        ], 
        "bufshr_rot_fetch": [
          0.0, 
          0.0, 
          0.0
        ], 
        "bufshr_rot_round_cnt": [
          0, 
          0, 
          0
        ], 
        "bufshr_rot_unit_cnt": [
          1, 
          1, 
          1
        ], 
        "bufshr_wide_fetch": [
          0.0, 
          0.0, 
          0.0
        ], 
        "bufshr_wide_fetch_width": [
          0.0, 
          0.0, 
          0.0
        ], 
        "part": [
          [
            0, 
            2, 
            3, 
            1
          ], 
          [
            [
              1, 
              1
            ], 
            [
              5, 
              5
            ], 
            [
              1, 
              1
            ], 
            [
              1, 
              1
            ]
          ]
        ], 
        "mem_nhops": [
          0, 
          271872000, 
          57024000
        ], 
        "node_nhops": [
          0.0, 
          0.0, 
          0.0
        ], 
        "unit_nhops": [
          0, 
          271872000, 
          57024000
        ]
      }, 
      [
        [
          [
            [
              0, 
              0, 
              0, 
              0
            ], 
            [
              1000, 
              48, 
              27, 
              27
            ]
          ]
        ], 
        [
          [
            [
              2, 
              2
            ], 
            [
              0, 
              0
            ], 
            [
              4, 
              4
            ], 
            1, 
            2, 
            2
          ]
        ], 
        [
          [
            [
              0, 
              2, 
              3, 
              1
            ], 
            [
              [
                1, 
                1
              ], 
              [
                2, 
                2
              ], 
              [
                1, 
                1
              ], 
              [
                1, 
                1
              ]
            ]
          ]
        ]
      ], 
      [
        1, 
        0, 
        0
      ]
    ], 
    "conv2_a": [
      {
        "cost": 657300480000.0, 
        "time": 184320000, 
        "ops": 111974400000.0, 
        "num_nodes": 25, 
        "is_dram": [
          true, 
          true
        ], 
        "cost_op": 111974400000.0, 
        "cost_access": 540441600000.0, 
        "cost_noc": 4884480000.0, 
        "cost_static": 0, 
        "proc_time": 184320000, 
        "bus_time": 0, 
        "dram_time": 0, 
        "access": [
          [
            3840000.0, 
            240000000.0, 
            115200000.0
          ], 
          [
            768000000.0, 
            480000000.0, 
            0.0
          ], 
          [
            4608000000.0, 
            1440000000.0, 
            576000000.0
          ], 
          [
            111974400000.0, 
            111974400000.0, 
            223948800000.0
          ]
        ], 
        "remote_gbuf_access": [
          0.0, 
          0.0, 
          0.0
        ], 
        "total_nhops": [
          6144000.0, 
          330240000.0, 
          152064000.0
        ], 
        "fetch": [
          [
            1, 
            2, 
            1
          ], 
          [
            200, 
            4, 
            1
          ]
        ], 
        "ti": [
          1, 
          48, 
          1
        ], 
        "to": [
          2, 
          2, 
          32
        ], 
        "tb": [
          200, 
          1, 
          5
        ], 
        "tvals": [
          [
            1, 
            2, 
            200
          ], 
          [
            48, 
            2, 
            1
          ], 
          [
            1, 
            32, 
            5
          ]
        ], 
        "orders": [
          [
            2, 
            1, 
            0
          ], 
          [
            0, 
            1, 
            2
          ]
        ], 
        "size": [
          [
            76800, 
            24000, 
            0
          ], 
          [
            160, 
            25, 
            160
          ]
        ], 
        "unit_size": [
          [
            25, 
            100, 
            36
          ], 
          [
            5, 
            5, 
            1
          ]
        ], 
        "unit_cnt": [
          [
            3072, 
            240, 
            320
          ], 
          [
            32, 
            5, 
            160
          ]
        ], 
        "accfwd_reduction": [
          1, 
          1, 
          1
        ], 
        "bufshr_grp_size": [
          1, 
          1, 
          1
        ], 
        "bufshr_subgrp_size": [
          1, 
          1, 
          1
        ], 
        "bufshr_bs_t": [
          1, 
          1, 
          1
        ], 
        "bufshr_bs_ord": [
          0, 
          1, 
          2
        ], 
        "bufshr_rot_fetch": [
          0.0, 
          0.0, 
          0.0
        ], 
        "bufshr_rot_round_cnt": [
          0, 
          0, 
          0
        ], 
        "bufshr_rot_unit_cnt": [
          1, 
          1, 
          1
        ], 
        "bufshr_wide_fetch": [
          0.0, 
          0.0, 
          0.0
        ], 
        "bufshr_wide_fetch_width": [
          0.0, 
          0.0, 
          0.0
        ], 
        "part": [
          [
            0, 
            2, 
            3, 
            1
          ], 
          [
            [
              1, 
              1
            ], 
            [
              5, 
              5
            ], 
            [
              1, 
              1
            ], 
            [
              1, 
              1
            ]
          ]
        ], 
        "mem_nhops": [
          6144000, 
          330240000, 
          152064000
        ], 
        "node_nhops": [
          0.0, 
          0.0, 
          0.0
        ], 
        "unit_nhops": [
          6144000, 
          165120000, 
          152064000
        ]
      }, 
      [
        [
          [
            [
              0, 
              0, 
              0, 
              0
            ], 
            [
              1000, 
              128, 
              27, 
              27
            ]
          ]
        ], 
        [
          [
            [
              2, 
              2
            ], 
            [
              0, 
              0
            ], 
            [
              4, 
              4
            ], 
            1, 
            2, 
            2
          ]
        ], 
        [
          [
            [
              0, 
              2, 
              3, 
              1
            ], 
            [
              [
                1, 
                1
              ], 
              [
                2, 
                2
              ], 
              [
                1, 
                1
              ], 
              [
                1, 
                1
              ]
            ]
          ]
        ]
      ], 
      [
        2, 
        0, 
        0
      ]
    ], 
    "pool2_a": [
      {
        "cost": 40712192000.0, 
        "time": 288000, 
        "ops": 194687999.99999997, 
        "num_nodes": 25, 
        "is_dram": [
          true, 
          true
        ], 
        "cost_op": 194687999.99999997, 
        "cost_access": 38280064000.0, 
        "cost_noc": 2237440000.0, 
        "cost_static": 0, 
        "proc_time": 288000, 
        "bus_time": 0, 
        "dram_time": 0, 
        "access": [
          [
            0, 
            156800000.0, 
            28800000.0
          ], 
          [
            0, 
            0.0, 
            0.0
          ], 
          [
            0, 
            201600000.0, 
            86400000.0
          ], 
          [
            0.0, 
            194687999.99999997, 
            389375999.99999994
          ]
        ], 
        "remote_gbuf_access": [
          0.0, 
          0.0, 
          0.0
        ], 
        "total_nhops": [
          0.0, 
          190464000.0, 
          33280000.0
        ], 
        "fetch": [
          [
            1, 
            1, 
            1
          ], 
          [
            1, 
            1, 
            1
          ]
        ], 
        "ti": [
          1, 
          1, 
          1
        ], 
        "to": [
          1, 
          1, 
          32
        ], 
        "tb": [
          1, 
          250, 
          4
        ], 
        "tvals": [
          [
            1, 
            1, 
            1
          ], 
          [
            1, 
            1, 
            250
          ], 
          [
            1, 
            32, 
            4
          ]
        ], 
        "orders": [
          [
            0, 
            1, 
            2
          ], 
          [
            0, 
            1, 
            2
          ]
        ], 
        "size": [
          [
            0, 
            0, 
            0
          ], 
          [
            0, 
            384, 
            128
          ]
        ], 
        "unit_size": [
          [
            0, 
            196, 
            36
          ], 
          [
            0, 
            3, 
            1
          ]
        ], 
        "unit_cnt": [
          [
            1, 
            32000, 
            32000
          ], 
          [
            1, 
            128, 
            128
          ]
        ], 
        "accfwd_reduction": [
          1, 
          1, 
          1
        ], 
        "bufshr_grp_size": [
          1, 
          1, 
          1
        ], 
        "bufshr_subgrp_size": [
          1, 
          1, 
          1
        ], 
        "bufshr_bs_t": [
          1, 
          1, 
          1
        ], 
        "bufshr_bs_ord": [
          0, 
          1, 
          2
        ], 
        "bufshr_rot_fetch": [
          0.0, 
          0.0, 
          0.0
        ], 
        "bufshr_rot_round_cnt": [
          0, 
          0, 
          0
        ], 
        "bufshr_rot_unit_cnt": [
          1, 
          1, 
          1
        ], 
        "bufshr_wide_fetch": [
          0.0, 
          0.0, 
          0.0
        ], 
        "bufshr_wide_fetch_width": [
          0.0, 
          0.0, 
          0.0
        ], 
        "part": [
          [
            0, 
            2, 
            3, 
            1
          ], 
          [
            [
              1, 
              1
            ], 
            [
              5, 
              5
            ], 
            [
              1, 
              1
            ], 
            [
              1, 
              1
            ]
          ]
        ], 
        "mem_nhops": [
          0, 
          190464000, 
          33280000
        ], 
        "node_nhops": [
          0.0, 
          0.0, 
          0.0
        ], 
        "unit_nhops": [
          0, 
          190464000, 
          33280000
        ]
      }, 
      [
        [
          [
            [
              0, 
              0, 
              0, 
              0
            ], 
            [
              1000, 
              128, 
              13, 
              13
            ]
          ]
        ], 
        [
          [
            [
              2, 
              2
            ], 
            [
              0, 
              0
            ], 
            [
              4, 
              4
            ], 
            1, 
            2, 
            2
          ]
        ], 
        [
          [
            [
              0, 
              2, 
              3, 
              1
            ], 
            [
              [
                1, 
                1
              ], 
              [
                2, 
                2
              ], 
              [
                1, 
                1
              ], 
              [
                1, 
                1
              ]
            ]
          ]
        ]
      ], 
      [
        3, 
        0, 
        0
      ]
    ], 
    "conv1_b": [
      {
        "cost": 379360569600.0, 
        "time": 69696000, 
        "ops": 52707600000.0, 
        "num_nodes": 25, 
        "is_dram": [
          true, 
          true
        ], 
        "cost_op": 52707600000.0, 
        "cost_access": 321238320000.0, 
        "cost_noc": 5414649600.0, 
        "cost_static": 0, 
        "proc_time": 69696000, 
        "bus_time": 0, 
        "dram_time": 0, 
        "access": [
          [
            435600.0, 
            221850000.0, 
            145200000.0
          ], 
          [
            87120000.0, 
            887400000.0, 
            1452000000.0
          ], 
          [
            570240000.0, 
            1101600000.0, 
            9504000000.0
          ], 
          [
            52707600000.0, 
            52707600000.0, 
            105415200000.0
          ]
        ], 
        "remote_gbuf_access": [
          0.0, 
          0.0, 
          0.0
        ], 
        "total_nhops": [
          696960.0, 
          308448000.0, 
          232320000.0
        ], 
        "fetch": [
          [
            1, 
            1, 
            1
          ], 
          [
            200, 
            2, 
            5
          ]
        ], 
        "ti": [
          1, 
          3, 
          1
        ], 
        "to": [
          1, 
          2, 
          24
        ], 
        "tb": [
          200, 
          10, 
          1
        ], 
        "tvals": [
          [
            1, 
            1, 
            200
          ], 
          [
            3, 
            2, 
            10
          ], 
          [
            1, 
            24, 
            1
          ]
        ], 
        "orders": [
          [
            1, 
            2, 
            0
          ], 
          [
            1, 
            2, 
            0
          ]
        ], 
        "size": [
          [
            17424, 
            47430, 
            31680
          ], 
          [
            264, 
            11, 
            24
          ]
        ], 
        "unit_size": [
          [
            121, 
            1581, 
            66
          ], 
          [
            11, 
            11, 
            1
          ]
        ], 
        "unit_cnt": [
          [
            144, 
            30, 
            480
          ], 
          [
            24, 
            1, 
            24
          ]
        ], 
        "accfwd_reduction": [
          1, 
          1, 
          1
        ], 
        "bufshr_grp_size": [
          1, 
          1, 
          1
        ], 
        "bufshr_subgrp_size": [
          1, 
          1, 
          1
        ], 
        "bufshr_bs_t": [
          1, 
          1, 
          1
        ], 
        "bufshr_bs_ord": [
          0, 
          1, 
          2
        ], 
        "bufshr_rot_fetch": [
          0.0, 
          0.0, 
          0.0
        ], 
        "bufshr_rot_round_cnt": [
          0, 
          0, 
          0
        ], 
        "bufshr_rot_unit_cnt": [
          1, 
          1, 
          1
        ], 
        "bufshr_wide_fetch": [
          0.0, 
          0.0, 
          0.0
        ], 
        "bufshr_wide_fetch_width": [
          0.0, 
          0.0, 
          0.0
        ], 
        "part": [
          [
            0, 
            2, 
            3, 
            1
          ], 
          [
            [
              1, 
              1
            ], 
            [
              5, 
              5
            ], 
            [
              1, 
              1
            ], 
            [
              1, 
              1
            ]
          ]
        ], 
        "mem_nhops": [
          696960, 
          308448000, 
          232320000
        ], 
        "node_nhops": [
          0.0, 
          0.0, 
          0.0
        ], 
        "unit_nhops": [
          696960, 
          308448000, 
          232320000
        ]
      }, 
      [
        [
          [
            [
              0, 
              0, 
              0, 
              0
            ], 
            [
              1000, 
              48, 
              55, 
              55
            ]
          ]
        ], 
        [
          [
            [
              2, 
              2
            ], 
            [
              0, 
              0
            ], 
            [
              4, 
              4
            ], 
            1, 
            2, 
            2
          ]
        ], 
        [
          [
            [
              0, 
              2, 
              3, 
              1
            ], 
            [
              [
                1, 
                1
              ], 
              [
                2, 
                2
              ], 
              [
                1, 
                1
              ], 
              [
                1, 
                1
              ]
            ]
          ]
        ]
      ], 
      [
        4, 
        0, 
        0
      ]
    ], 
    "pool1_b": [
      {
        "cost": 54569472000.0, 
        "time": 432000, 
        "ops": 314928000.0, 
        "num_nodes": 25, 
        "is_dram": [
          true, 
          true
        ], 
        "cost_op": 314928000.0, 
        "cost_access": 50965584000.0, 
        "cost_noc": 3288960000.0, 
        "cost_static": 0, 
        "proc_time": 432000, 
        "bus_time": 0, 
        "dram_time": 0, 
        "access": [
          [
            0, 
            202800000.0, 
            43200000.0
          ], 
          [
            0, 
            0.0, 
            0.0
          ], 
          [
            0, 
            280800000.0, 
            129600000.0
          ], 
          [
            0.0, 
            314928000.0, 
            629856000.0
          ]
        ], 
        "remote_gbuf_access": [
          0.0, 
          0.0, 
          0.0
        ], 
        "total_nhops": [
          0.0, 
          271872000.0, 
          57024000.0
        ], 
        "fetch": [
          [
            1, 
            1, 
            1
          ], 
          [
            1, 
            1, 
            1
          ]
        ], 
        "ti": [
          1, 
          1, 
          1
        ], 
        "to": [
          1, 
          1, 
          24
        ], 
        "tb": [
          1, 
          200, 
          5
        ], 
        "tvals": [
          [
            1, 
            1, 
            1
          ], 
          [
            1, 
            1, 
            200
          ], 
          [
            1, 
            24, 
            5
          ]
        ], 
        "orders": [
          [
            0, 
            1, 
            2
          ], 
          [
            0, 
            1, 
            2
          ]
        ], 
        "size": [
          [
            0, 
            0, 
            0
          ], 
          [
            0, 
            360, 
            120
          ]
        ], 
        "unit_size": [
          [
            0, 
            338, 
            72
          ], 
          [
            0, 
            3, 
            1
          ]
        ], 
        "unit_cnt": [
          [
            1, 
            24000, 
            24000
          ], 
          [
            1, 
            120, 
            120
          ]
        ], 
        "accfwd_reduction": [
          1, 
          1, 
          1
        ], 
        "bufshr_grp_size": [
          1, 
          1, 
          1
        ], 
        "bufshr_subgrp_size": [
          1, 
          1, 
          1
        ], 
        "bufshr_bs_t": [
          1, 
          1, 
          1
        ], 
        "bufshr_bs_ord": [
          0, 
          1, 
          2
        ], 
        "bufshr_rot_fetch": [
          0.0, 
          0.0, 
          0.0
        ], 
        "bufshr_rot_round_cnt": [
          0, 
          0, 
          0
        ], 
        "bufshr_rot_unit_cnt": [
          1, 
          1, 
          1
        ], 
        "bufshr_wide_fetch": [
          0.0, 
          0.0, 
          0.0
        ], 
        "bufshr_wide_fetch_width": [
          0.0, 
          0.0, 
          0.0
        ], 
        "part": [
          [
            0, 
            2, 
            3, 
            1
          ], 
          [
            [
              1, 
              1
            ], 
            [
              5, 
              5
            ], 
            [
              1, 
              1
            ], 
            [
              1, 
              1
            ]
          ]
        ], 
        "mem_nhops": [
          0, 
          271872000, 
          57024000
        ], 
        "node_nhops": [
          0.0, 
          0.0, 
          0.0
        ], 
        "unit_nhops": [
          0, 
          271872000, 
          57024000
        ]
      }, 
      [
        [
          [
            [
              0, 
              0, 
              0, 
              0
            ], 
            [
              1000, 
              48, 
              27, 
              27
            ]
          ]
        ], 
        [
          [
            [
              2, 
              2
            ], 
            [
              0, 
              0
            ], 
            [
              4, 
              4
            ], 
            1, 
            2, 
            2
          ]
        ], 
        [
          [
            [
              0, 
              2, 
              3, 
              1
            ], 
            [
              [
                1, 
                1
              ], 
              [
                2, 
                2
              ], 
              [
                1, 
                1
              ], 
              [
                1, 
                1
              ]
            ]
          ]
        ]
      ], 
      [
        5, 
        0, 
        0
      ]
    ], 
    "conv2_b": [
      {
        "cost": 657300480000.0, 
        "time": 184320000, 
        "ops": 111974400000.0, 
        "num_nodes": 25, 
        "is_dram": [
          true, 
          true
        ], 
        "cost_op": 111974400000.0, 
        "cost_access": 540441600000.0, 
        "cost_noc": 4884480000.0, 
        "cost_static": 0, 
        "proc_time": 184320000, 
        "bus_time": 0, 
        "dram_time": 0, 
        "access": [
          [
            3840000.0, 
            240000000.0, 
            115200000.0
          ], 
          [
            768000000.0, 
            480000000.0, 
            0.0
          ], 
          [
            4608000000.0, 
            1440000000.0, 
            576000000.0
          ], 
          [
            111974400000.0, 
            111974400000.0, 
            223948800000.0
          ]
        ], 
        "remote_gbuf_access": [
          0.0, 
          0.0, 
          0.0
        ], 
        "total_nhops": [
          6144000.0, 
          330240000.0, 
          152064000.0
        ], 
        "fetch": [
          [
            1, 
            2, 
            1
          ], 
          [
            200, 
            4, 
            1
          ]
        ], 
        "ti": [
          1, 
          48, 
          1
        ], 
        "to": [
          2, 
          2, 
          32
        ], 
        "tb": [
          200, 
          1, 
          5
        ], 
        "tvals": [
          [
            1, 
            2, 
            200
          ], 
          [
            48, 
            2, 
            1
          ], 
          [
            1, 
            32, 
            5
          ]
        ], 
        "orders": [
          [
            2, 
            1, 
            0
          ], 
          [
            0, 
            1, 
            2
          ]
        ], 
        "size": [
          [
            76800, 
            24000, 
            0
          ], 
          [
            160, 
            25, 
            160
          ]
        ], 
        "unit_size": [
          [
            25, 
            100, 
            36
          ], 
          [
            5, 
            5, 
            1
          ]
        ], 
        "unit_cnt": [
          [
            3072, 
            240, 
            320
          ], 
          [
            32, 
            5, 
            160
          ]
        ], 
        "accfwd_reduction": [
          1, 
          1, 
          1
        ], 
        "bufshr_grp_size": [
          1, 
          1, 
          1
        ], 
        "bufshr_subgrp_size": [
          1, 
          1, 
          1
        ], 
        "bufshr_bs_t": [
          1, 
          1, 
          1
        ], 
        "bufshr_bs_ord": [
          0, 
          1, 
          2
        ], 
        "bufshr_rot_fetch": [
          0.0, 
          0.0, 
          0.0
        ], 
        "bufshr_rot_round_cnt": [
          0, 
          0, 
          0
        ], 
        "bufshr_rot_unit_cnt": [
          1, 
          1, 
          1
        ], 
        "bufshr_wide_fetch": [
          0.0, 
          0.0, 
          0.0
        ], 
        "bufshr_wide_fetch_width": [
          0.0, 
          0.0, 
          0.0
        ], 
        "part": [
          [
            0, 
            2, 
            3, 
            1
          ], 
          [
            [
              1, 
              1
            ], 
            [
              5, 
              5
            ], 
            [
              1, 
              1
            ], 
            [
              1, 
              1
            ]
          ]
        ], 
        "mem_nhops": [
          6144000, 
          330240000, 
          152064000
        ], 
        "node_nhops": [
          0.0, 
          0.0, 
          0.0
        ], 
        "unit_nhops": [
          6144000, 
          165120000, 
          152064000
        ]
      }, 
      [
        [
          [
            [
              0, 
              0, 
              0, 
              0
            ], 
            [
              1000, 
              128, 
              27, 
              27
            ]
          ]
        ], 
        [
          [
            [
              2, 
              2
            ], 
            [
              0, 
              0
            ], 
            [
              4, 
              4
            ], 
            1, 
            2, 
            2
          ]
        ], 
        [
          [
            [
              0, 
              2, 
              3, 
              1
            ], 
            [
              [
                1, 
                1
              ], 
              [
                2, 
                2
              ], 
              [
                1, 
                1
              ], 
              [
                1, 
                1
              ]
            ]
          ]
        ]
      ], 
      [
        6, 
        0, 
        0
      ]
    ], 
    "pool2_b": [
      {
        "cost": 40712192000.0, 
        "time": 288000, 
        "ops": 194687999.99999997, 
        "num_nodes": 25, 
        "is_dram": [
          true, 
          true
        ], 
        "cost_op": 194687999.99999997, 
        "cost_access": 38280064000.0, 
        "cost_noc": 2237440000.0, 
        "cost_static": 0, 
        "proc_time": 288000, 
        "bus_time": 0, 
        "dram_time": 0, 
        "access": [
          [
            0, 
            156800000.0, 
            28800000.0
          ], 
          [
            0, 
            0.0, 
            0.0
          ], 
          [
            0, 
            201600000.0, 
            86400000.0
          ], 
          [
            0.0, 
            194687999.99999997, 
            389375999.99999994
          ]
        ], 
        "remote_gbuf_access": [
          0.0, 
          0.0, 
          0.0
        ], 
        "total_nhops": [
          0.0, 
          190464000.0, 
          33280000.0
        ], 
        "fetch": [
          [
            1, 
            1, 
            1
          ], 
          [
            1, 
            1, 
            1
          ]
        ], 
        "ti": [
          1, 
          1, 
          1
        ], 
        "to": [
          1, 
          1, 
          32
        ], 
        "tb": [
          1, 
          250, 
          4
        ], 
        "tvals": [
          [
            1, 
            1, 
            1
          ], 
          [
            1, 
            1, 
            250
          ], 
          [
            1, 
            32, 
            4
          ]
        ], 
        "orders": [
          [
            0, 
            1, 
            2
          ], 
          [
            0, 
            1, 
            2
          ]
        ], 
        "size": [
          [
            0, 
            0, 
            0
          ], 
          [
            0, 
            384, 
            128
          ]
        ], 
        "unit_size": [
          [
            0, 
            196, 
            36
          ], 
          [
            0, 
            3, 
            1
          ]
        ], 
        "unit_cnt": [
          [
            1, 
            32000, 
            32000
          ], 
          [
            1, 
            128, 
            128
          ]
        ], 
        "accfwd_reduction": [
          1, 
          1, 
          1
        ], 
        "bufshr_grp_size": [
          1, 
          1, 
          1
        ], 
        "bufshr_subgrp_size": [
          1, 
          1, 
          1
        ], 
        "bufshr_bs_t": [
          1, 
          1, 
          1
        ], 
        "bufshr_bs_ord": [
          0, 
          1, 
          2
        ], 
        "bufshr_rot_fetch": [
          0.0, 
          0.0, 
          0.0
        ], 
        "bufshr_rot_round_cnt": [
          0, 
          0, 
          0
        ], 
        "bufshr_rot_unit_cnt": [
          1, 
          1, 
          1
        ], 
        "bufshr_wide_fetch": [
          0.0, 
          0.0, 
          0.0
        ], 
        "bufshr_wide_fetch_width": [
          0.0, 
          0.0, 
          0.0
        ], 
        "part": [
          [
            0, 
            2, 
            3, 
            1
          ], 
          [
            [
              1, 
              1
            ], 
            [
              5, 
              5
            ], 
            [
              1, 
              1
            ], 
            [
              1, 
              1
            ]
          ]
        ], 
        "mem_nhops": [
          0, 
          190464000, 
          33280000
        ], 
        "node_nhops": [
          0.0, 
          0.0, 
          0.0
        ], 
        "unit_nhops": [
          0, 
          190464000, 
          33280000
        ]
      }, 
      [
        [
          [
            [
              0, 
              0, 
              0, 
              0
            ], 
            [
              1000, 
              128, 
              13, 
              13
            ]
          ]
        ], 
        [
          [
            [
              2, 
              2
            ], 
            [
              0, 
              0
            ], 
            [
              4, 
              4
            ], 
            1, 
            2, 
            2
          ]
        ], 
        [
          [
            [
              0, 
              2, 
              3, 
              1
            ], 
            [
              [
                1, 
                1
              ], 
              [
                2, 
                2
              ], 
              [
                1, 
                1
              ], 
              [
                1, 
                1
              ]
            ]
          ]
        ]
      ], 
      [
        7, 
        0, 
        0
      ]
    ], 
    "conv3_a": [
      {
        "cost": 495461120000.0, 
        "time": 110592000, 
        "ops": 74760192000.0, 
        "num_nodes": 25, 
        "is_dram": [
          true, 
          true
        ], 
        "cost_op": 74760192000.0, 
        "cost_access": 413627648000.0, 
        "cost_noc": 7073280000.0, 
        "cost_static": 0, 
        "proc_time": 110592000, 
        "bus_time": 0, 
        "dram_time": 0, 
        "access": [
          [
            276480000.0, 
            160000000.0, 
            43200000.0
          ], 
          [
            0.0, 
            960000000.0, 
            648000000.0
          ], 
          [
            829440000.0, 
            1728000000.0, 
            1944000000.0
          ], 
          [
            74760192000.0, 
            74760192000.0, 
            149520384000.0
          ]
        ], 
        "remote_gbuf_access": [
          0.0, 
          0.0, 
          0.0
        ], 
        "total_nhops": [
          442368000.0, 
          215040000.0, 
          49920000.0
        ], 
        "fetch": [
          [
            25, 
            1, 
            1
          ], 
          [
            25, 
            6, 
            15
          ]
        ], 
        "ti": [
          8, 
          32, 
          1
        ], 
        "to": [
          1, 
          6, 
          8
        ], 
        "tb": [
          25, 
          1, 
          40
        ], 
        "tvals": [
          [
            8, 
            1, 
            25
          ], 
          [
            32, 
            6, 
            1
          ], 
          [
            1, 
            8, 
            40
          ]
        ], 
        "orders": [
          [
            0, 
            2, 
            1
          ], 
          [
            0, 
            1, 
            2
          ]
        ], 
        "size": [
          [
            0, 
            32000, 
            69120
          ], 
          [
            24, 
            120, 
            320
          ]
        ], 
        "unit_size": [
          [
            36, 
            25, 
            36
          ], 
          [
            3, 
            3, 
            1
          ]
        ], 
        "unit_cnt": [
          [
            1536, 
            1280, 
            1920
          ], 
          [
            8, 
            40, 
            320
          ]
        ], 
        "accfwd_reduction": [
          1, 
          1, 
          1
        ], 
        "bufshr_grp_size": [
          1, 
          1, 
          1
        ], 
        "bufshr_subgrp_size": [
          1, 
          1, 
          1
        ], 
        "bufshr_bs_t": [
          1, 
          1, 
          1
        ], 
        "bufshr_bs_ord": [
          0, 
          1, 
          2
        ], 
        "bufshr_rot_fetch": [
          0.0, 
          0.0, 
          0.0
        ], 
        "bufshr_rot_round_cnt": [
          0, 
          0, 
          0
        ], 
        "bufshr_rot_unit_cnt": [
          1, 
          1, 
          1
        ], 
        "bufshr_wide_fetch": [
          0.0, 
          0.0, 
          0.0
        ], 
        "bufshr_wide_fetch_width": [
          0.0, 
          0.0, 
          0.0
        ], 
        "part": [
          [
            0, 
            2, 
            3, 
            1
          ], 
          [
            [
              1, 
              1
            ], 
            [
              5, 
              5
            ], 
            [
              1, 
              1
            ], 
            [
              1, 
              1
            ]
          ]
        ], 
        "mem_nhops": [
          442368000, 
          215040000, 
          49920000
        ], 
        "node_nhops": [
          0.0, 
          0.0, 
          0.0
        ], 
        "unit_nhops": [
          17694720, 
          215040000, 
          49920000
        ]
      }, 
      [
        [
          [
            [
              0, 
              0, 
              0, 
              0
            ], 
            [
              1000, 
              192, 
              13, 
              13
            ]
          ]
        ], 
        [
          [
            [
              2, 
              2
            ], 
            [
              0, 
              0
            ], 
            [
              4, 
              4
            ], 
            1, 
            2, 
            2
          ]
        ], 
        [
          [
            [
              0, 
              2, 
              3, 
              1
            ], 
            [
              [
                1, 
                1
              ], 
              [
                2, 
                2
              ], 
              [
                1, 
                1
              ], 
              [
                1, 
                1
              ]
            ]
          ]
        ]
      ], 
      [
        8, 
        0, 
        0
      ]
    ], 
    "conv4_a": [
      {
        "cost": 372380390400.0, 
        "time": 82944000, 
        "ops": 56070144000.0, 
        "num_nodes": 25, 
        "is_dram": [
          true, 
          true
        ], 
        "cost_op": 56070144000.0, 
        "cost_access": 311454336000.0, 
        "cost_noc": 4855910400.0, 
        "cost_static": 0, 
        "proc_time": 82944000, 
        "bus_time": 0, 
        "dram_time": 0, 
        "access": [
          [
            8294400.0, 
            240000000.0, 
            129600000.0
          ], 
          [
            829440000.0, 
            0.0, 
            0.0
          ], 
          [
            2488320000.0, 
            432000000.0, 
            388800000.0
          ], 
          [
            56070144000.0, 
            56070144000.0, 
            112140288000.0
          ]
        ], 
        "remote_gbuf_access": [
          0.0, 
          0.0, 
          0.0
        ], 
        "total_nhops": [
          13271040.0, 
          322560000.0, 
          149760000.0
        ], 
        "fetch": [
          [
            1, 
            2, 
            3
          ], 
          [
            100, 
            2, 
            3
          ]
        ], 
        "ti": [
          2, 
          96, 
          1
        ], 
        "to": [
          2, 
          1, 
          24
        ], 
        "tb": [
          100, 
          1, 
          10
        ], 
        "tvals": [
          [
            2, 
            2, 
            100
          ], 
          [
            96, 
            1, 
            1
          ], 
          [
            1, 
            24, 
            10
          ]
        ], 
        "orders": [
          [
            1, 
            2, 
            0
          ], 
          [
            0, 
            1, 
            2
          ]
        ], 
        "size": [
          [
            82944, 
            0, 
            0
          ], 
          [
            72, 
            30, 
            240
          ]
        ], 
        "unit_size": [
          [
            36, 
            25, 
            36
          ], 
          [
            3, 
            3, 
            1
          ]
        ], 
        "unit_cnt": [
          [
            2304, 
            960, 
            240
          ], 
          [
            24, 
            10, 
            240
          ]
        ], 
        "accfwd_reduction": [
          1, 
          1, 
          1
        ], 
        "bufshr_grp_size": [
          1, 
          1, 
          1
        ], 
        "bufshr_subgrp_size": [
          1, 
          1, 
          1
        ], 
        "bufshr_bs_t": [
          1, 
          1, 
          1
        ], 
        "bufshr_bs_ord": [
          0, 
          1, 
          2
        ], 
        "bufshr_rot_fetch": [
          0.0, 
          0.0, 
          0.0
        ], 
        "bufshr_rot_round_cnt": [
          0, 
          0, 
          0
        ], 
        "bufshr_rot_unit_cnt": [
          1, 
          1, 
          1
        ], 
        "bufshr_wide_fetch": [
          0.0, 
          0.0, 
          0.0
        ], 
        "bufshr_wide_fetch_width": [
          0.0, 
          0.0, 
          0.0
        ], 
        "part": [
          [
            0, 
            2, 
            3, 
            1
          ], 
          [
            [
              1, 
              1
            ], 
            [
              5, 
              5
            ], 
            [
              1, 
              1
            ], 
            [
              1, 
              1
            ]
          ]
        ], 
        "mem_nhops": [
          13271040, 
          322560000, 
          149760000
        ], 
        "node_nhops": [
          0.0, 
          0.0, 
          0.0
        ], 
        "unit_nhops": [
          13271040, 
          161280000, 
          49920000
        ]
      }, 
      [
        [
          [
            [
              0, 
              0, 
              0, 
              0
            ], 
            [
              1000, 
              192, 
              13, 
              13
            ]
          ]
        ], 
        [
          [
            [
              2, 
              2
            ], 
            [
              0, 
              0
            ], 
            [
              4, 
              4
            ], 
            1, 
            2, 
            2
          ]
        ], 
        [
          [
            [
              0, 
              2, 
              3, 
              1
            ], 
            [
              [
                1, 
                1
              ], 
              [
                2, 
                2
              ], 
              [
                1, 
                1
              ], 
              [
                1, 
                1
              ]
            ]
          ]
        ]
      ], 
      [
        9, 
        0, 
        0
      ]
    ], 
    "conv5_a": [
      {
        "cost": 252103193600.0, 
        "time": 55296000, 
        "ops": 37380096000.0, 
        "num_nodes": 25, 
        "is_dram": [
          true, 
          true
        ], 
        "cost_op": 37380096000.0, 
        "cost_access": 211357824000.0, 
        "cost_noc": 3365273600.0, 
        "cost_static": 0, 
        "proc_time": 55296000, 
        "bus_time": 0, 
        "dram_time": 0, 
        "access": [
          [
            5529600.0, 
            120000000.0, 
            144000000.0
          ], 
          [
            552960000.0, 
            0.0, 
            0.0
          ], 
          [
            1658880000.0, 
            216000000.0, 
            432000000.0
          ], 
          [
            37380096000.0, 
            37380096000.0, 
            74760192000.0
          ]
        ], 
        "remote_gbuf_access": [
          0.0, 
          0.0, 
          0.0
        ], 
        "total_nhops": [
          8847360.0, 
          161280000.0, 
          166400000.0
        ], 
        "fetch": [
          [
            1, 
            1, 
            5
          ], 
          [
            100, 
            1, 
            5
          ]
        ], 
        "ti": [
          3, 
          64, 
          1
        ], 
        "to": [
          1, 
          1, 
          32
        ], 
        "tb": [
          100, 
          1, 
          10
        ], 
        "tvals": [
          [
            3, 
            1, 
            100
          ], 
          [
            64, 
            1, 
            1
          ], 
          [
            1, 
            32, 
            10
          ]
        ], 
        "orders": [
          [
            1, 
            2, 
            0
          ], 
          [
            0, 
            1, 
            2
          ]
        ], 
        "size": [
          [
            73728, 
            0, 
            0
          ], 
          [
            96, 
            30, 
            320
          ]
        ], 
        "unit_size": [
          [
            36, 
            25, 
            36
          ], 
          [
            3, 
            3, 
            1
          ]
        ], 
        "unit_cnt": [
          [
            2048, 
            640, 
            320
          ], 
          [
            32, 
            10, 
            320
          ]
        ], 
        "accfwd_reduction": [
          1, 
          1, 
          1
        ], 
        "bufshr_grp_size": [
          1, 
          1, 
          1
        ], 
        "bufshr_subgrp_size": [
          1, 
          1, 
          1
        ], 
        "bufshr_bs_t": [
          1, 
          1, 
          1
        ], 
        "bufshr_bs_ord": [
          0, 
          1, 
          2
        ], 
        "bufshr_rot_fetch": [
          0.0, 
          0.0, 
          0.0
        ], 
        "bufshr_rot_round_cnt": [
          0, 
          0, 
          0
        ], 
        "bufshr_rot_unit_cnt": [
          1, 
          1, 
          1
        ], 
        "bufshr_wide_fetch": [
          0.0, 
          0.0, 
          0.0
        ], 
        "bufshr_wide_fetch_width": [
          0.0, 
          0.0, 
          0.0
        ], 
        "part": [
          [
            0, 
            2, 
            3, 
            1
          ], 
          [
            [
              1, 
              1
            ], 
            [
              5, 
              5
            ], 
            [
              1, 
              1
            ], 
            [
              1, 
              1
            ]
          ]
        ], 
        "mem_nhops": [
          8847360, 
          161280000, 
          166400000
        ], 
        "node_nhops": [
          0.0, 
          0.0, 
          0.0
        ], 
        "unit_nhops": [
          8847360, 
          161280000, 
          33280000
        ]
      }, 
      [
        [
          [
            [
              0, 
              0, 
              0, 
              0
            ], 
            [
              1000, 
              128, 
              13, 
              13
            ]
          ]
        ], 
        [
          [
            [
              2, 
              2
            ], 
            [
              0, 
              0
            ], 
            [
              4, 
              4
            ], 
            1, 
            2, 
            2
          ]
        ], 
        [
          [
            [
              0, 
              2, 
              3, 
              1
            ], 
            [
              [
                1, 
                1
              ], 
              [
                2, 
                2
              ], 
              [
                1, 
                1
              ], 
              [
                1, 
                1
              ]
            ]
          ]
        ]
      ], 
      [
        10, 
        0, 
        0
      ]
    ], 
    "pool3_a": [
      {
        "cost": 19578367999.999996, 
        "time": 132000, 
        "ops": 41471999.99999999, 
        "num_nodes": 25, 
        "is_dram": [
          true, 
          true
        ], 
        "cost_op": 41471999.99999999, 
        "cost_access": 18953215999.999996, 
        "cost_noc": 583680000.0, 
        "cost_static": 0, 
        "proc_time": 132000, 
        "bus_time": 0, 
        "dram_time": 0, 
        "access": [
          [
            0, 
            79999999.99999999, 
            12799999.999999998
          ], 
          [
            0, 
            0.0, 
            0.0
          ], 
          [
            0, 
            95999999.99999999, 
            38400000.0
          ], 
          [
            0.0, 
            41471999.99999999, 
            82943999.99999999
          ]
        ], 
        "remote_gbuf_access": [
          0.0, 
          0.0, 
          0.0
        ], 
        "total_nhops": [
          0.0, 
          52224000.0, 
          6144000.0
        ], 
        "fetch": [
          [
            1, 
            1, 
            1
          ], 
          [
            1, 
            1, 
            1
          ]
        ], 
        "ti": [
          1, 
          1, 
          1
        ], 
        "to": [
          1, 
          1, 
          22
        ], 
        "tb": [
          1, 
          200, 
          5
        ], 
        "tvals": [
          [
            1, 
            1, 
            1
          ], 
          [
            1, 
            1, 
            200
          ], 
          [
            1, 
            22, 
            5
          ]
        ], 
        "orders": [
          [
            0, 
            1, 
            2
          ], 
          [
            0, 
            1, 
            2
          ]
        ], 
        "size": [
          [
            0, 
            0, 
            0
          ], 
          [
            0, 
            330, 
            110
          ]
        ], 
        "unit_size": [
          [
            0, 
            150, 
            24
          ], 
          [
            0, 
            3, 
            1
          ]
        ], 
        "unit_cnt": [
          [
            1, 
            22000, 
            22000
          ], 
          [
            1, 
            110, 
            110
          ]
        ], 
        "accfwd_reduction": [
          1, 
          1, 
          1
        ], 
        "bufshr_grp_size": [
          1, 
          1, 
          1
        ], 
        "bufshr_subgrp_size": [
          1, 
          1, 
          1
        ], 
        "bufshr_bs_t": [
          1, 
          1, 
          1
        ], 
        "bufshr_bs_ord": [
          0, 
          1, 
          2
        ], 
        "bufshr_rot_fetch": [
          0.0, 
          0.0, 
          0.0
        ], 
        "bufshr_rot_round_cnt": [
          0, 
          0, 
          0
        ], 
        "bufshr_rot_unit_cnt": [
          1, 
          1, 
          1
        ], 
        "bufshr_wide_fetch": [
          0.0, 
          0.0, 
          0.0
        ], 
        "bufshr_wide_fetch_width": [
          0.0, 
          0.0, 
          0.0
        ], 
        "part": [
          [
            0, 
            2, 
            3, 
            1
          ], 
          [
            [
              1, 
              1
            ], 
            [
              5, 
              5
            ], 
            [
              1, 
              1
            ], 
            [
              1, 
              1
            ]
          ]
        ], 
        "mem_nhops": [
          0, 
          52224000, 
          6144000
        ], 
        "node_nhops": [
          0.0, 
          0.0, 
          0.0
        ], 
        "unit_nhops": [
          0, 
          52224000, 
          6144000
        ]
      }, 
      [
        [
          [
            [
              0, 
              0, 
              0, 
              0
            ], 
            [
              1000, 
              128, 
              6, 
              6
            ]
          ]
        ], 
        [
          [
            [
              2, 
              2
            ], 
            [
              0, 
              0
            ], 
            [
              4, 
              4
            ], 
            1, 
            2, 
            2
          ]
        ], 
        [
          [
            [
              0, 
              2, 
              3, 
              1
            ], 
            [
              [
                1, 
                1
              ], 
              [
                2, 
                2
              ], 
              [
                1, 
                1
              ], 
              [
                1, 
                1
              ]
            ]
          ]
        ]
      ], 
      [
        11, 
        0, 
        0
      ]
    ], 
    "conv3_b": [
      {
        "cost": 495461120000.0, 
        "time": 110592000, 
        "ops": 74760192000.0, 
        "num_nodes": 25, 
        "is_dram": [
          true, 
          true
        ], 
        "cost_op": 74760192000.0, 
        "cost_access": 413627648000.0, 
        "cost_noc": 7073280000.0, 
        "cost_static": 0, 
        "proc_time": 110592000, 
        "bus_time": 0, 
        "dram_time": 0, 
        "access": [
          [
            276480000.0, 
            160000000.0, 
            43200000.0
          ], 
          [
            0.0, 
            960000000.0, 
            648000000.0
          ], 
          [
            829440000.0, 
            1728000000.0, 
            1944000000.0
          ], 
          [
            74760192000.0, 
            74760192000.0, 
            149520384000.0
          ]
        ], 
        "remote_gbuf_access": [
          0.0, 
          0.0, 
          0.0
        ], 
        "total_nhops": [
          442368000.0, 
          215040000.0, 
          49920000.0
        ], 
        "fetch": [
          [
            25, 
            1, 
            1
          ], 
          [
            25, 
            6, 
            15
          ]
        ], 
        "ti": [
          8, 
          32, 
          1
        ], 
        "to": [
          1, 
          6, 
          8
        ], 
        "tb": [
          25, 
          1, 
          40
        ], 
        "tvals": [
          [
            8, 
            1, 
            25
          ], 
          [
            32, 
            6, 
            1
          ], 
          [
            1, 
            8, 
            40
          ]
        ], 
        "orders": [
          [
            0, 
            2, 
            1
          ], 
          [
            0, 
            1, 
            2
          ]
        ], 
        "size": [
          [
            0, 
            32000, 
            69120
          ], 
          [
            24, 
            120, 
            320
          ]
        ], 
        "unit_size": [
          [
            36, 
            25, 
            36
          ], 
          [
            3, 
            3, 
            1
          ]
        ], 
        "unit_cnt": [
          [
            1536, 
            1280, 
            1920
          ], 
          [
            8, 
            40, 
            320
          ]
        ], 
        "accfwd_reduction": [
          1, 
          1, 
          1
        ], 
        "bufshr_grp_size": [
          1, 
          1, 
          1
        ], 
        "bufshr_subgrp_size": [
          1, 
          1, 
          1
        ], 
        "bufshr_bs_t": [
          1, 
          1, 
          1
        ], 
        "bufshr_bs_ord": [
          0, 
          1, 
          2
        ], 
        "bufshr_rot_fetch": [
          0.0, 
          0.0, 
          0.0
        ], 
        "bufshr_rot_round_cnt": [
          0, 
          0, 
          0
        ], 
        "bufshr_rot_unit_cnt": [
          1, 
          1, 
          1
        ], 
        "bufshr_wide_fetch": [
          0.0, 
          0.0, 
          0.0
        ], 
        "bufshr_wide_fetch_width": [
          0.0, 
          0.0, 
          0.0
        ], 
        "part": [
          [
            0, 
            2, 
            3, 
            1
          ], 
          [
            [
              1, 
              1
            ], 
            [
              5, 
              5
            ], 
            [
              1, 
              1
            ], 
            [
              1, 
              1
            ]
          ]
        ], 
        "mem_nhops": [
          442368000, 
          215040000, 
          49920000
        ], 
        "node_nhops": [
          0.0, 
          0.0, 
          0.0
        ], 
        "unit_nhops": [
          17694720, 
          215040000, 
          49920000
        ]
      }, 
      [
        [
          [
            [
              0, 
              0, 
              0, 
              0
            ], 
            [
              1000, 
              192, 
              13, 
              13
            ]
          ]
        ], 
        [
          [
            [
              2, 
              2
            ], 
            [
              0, 
              0
            ], 
            [
              4, 
              4
            ], 
            1, 
            2, 
            2
          ]
        ], 
        [
          [
            [
              0, 
              2, 
              3, 
              1
            ], 
            [
              [
                1, 
                1
              ], 
              [
                2, 
                2
              ], 
              [
                1, 
                1
              ], 
              [
                1, 
                1
              ]
            ]
          ]
        ]
      ], 
      [
        12, 
        0, 
        0
      ]
    ], 
    "conv4_b": [
      {
        "cost": 372380390400.0, 
        "time": 82944000, 
        "ops": 56070144000.0, 
        "num_nodes": 25, 
        "is_dram": [
          true, 
          true
        ], 
        "cost_op": 56070144000.0, 
        "cost_access": 311454336000.0, 
        "cost_noc": 4855910400.0, 
        "cost_static": 0, 
        "proc_time": 82944000, 
        "bus_time": 0, 
        "dram_time": 0, 
        "access": [
          [
            8294400.0, 
            240000000.0, 
            129600000.0
          ], 
          [
            829440000.0, 
            0.0, 
            0.0
          ], 
          [
            2488320000.0, 
            432000000.0, 
            388800000.0
          ], 
          [
            56070144000.0, 
            56070144000.0, 
            112140288000.0
          ]
        ], 
        "remote_gbuf_access": [
          0.0, 
          0.0, 
          0.0
        ], 
        "total_nhops": [
          13271040.0, 
          322560000.0, 
          149760000.0
        ], 
        "fetch": [
          [
            1, 
            2, 
            3
          ], 
          [
            100, 
            2, 
            3
          ]
        ], 
        "ti": [
          2, 
          96, 
          1
        ], 
        "to": [
          2, 
          1, 
          24
        ], 
        "tb": [
          100, 
          1, 
          10
        ], 
        "tvals": [
          [
            2, 
            2, 
            100
          ], 
          [
            96, 
            1, 
            1
          ], 
          [
            1, 
            24, 
            10
          ]
        ], 
        "orders": [
          [
            1, 
            2, 
            0
          ], 
          [
            0, 
            1, 
            2
          ]
        ], 
        "size": [
          [
            82944, 
            0, 
            0
          ], 
          [
            72, 
            30, 
            240
          ]
        ], 
        "unit_size": [
          [
            36, 
            25, 
            36
          ], 
          [
            3, 
            3, 
            1
          ]
        ], 
        "unit_cnt": [
          [
            2304, 
            960, 
            240
          ], 
          [
            24, 
            10, 
            240
          ]
        ], 
        "accfwd_reduction": [
          1, 
          1, 
          1
        ], 
        "bufshr_grp_size": [
          1, 
          1, 
          1
        ], 
        "bufshr_subgrp_size": [
          1, 
          1, 
          1
        ], 
        "bufshr_bs_t": [
          1, 
          1, 
          1
        ], 
        "bufshr_bs_ord": [
          0, 
          1, 
          2
        ], 
        "bufshr_rot_fetch": [
          0.0, 
          0.0, 
          0.0
        ], 
        "bufshr_rot_round_cnt": [
          0, 
          0, 
          0
        ], 
        "bufshr_rot_unit_cnt": [
          1, 
          1, 
          1
        ], 
        "bufshr_wide_fetch": [
          0.0, 
          0.0, 
          0.0
        ], 
        "bufshr_wide_fetch_width": [
          0.0, 
          0.0, 
          0.0
        ], 
        "part": [
          [
            0, 
            2, 
            3, 
            1
          ], 
          [
            [
              1, 
              1
            ], 
            [
              5, 
              5
            ], 
            [
              1, 
              1
            ], 
            [
              1, 
              1
            ]
          ]
        ], 
        "mem_nhops": [
          13271040, 
          322560000, 
          149760000
        ], 
        "node_nhops": [
          0.0, 
          0.0, 
          0.0
        ], 
        "unit_nhops": [
          13271040, 
          161280000, 
          49920000
        ]
      }, 
      [
        [
          [
            [
              0, 
              0, 
              0, 
              0
            ], 
            [
              1000, 
              192, 
              13, 
              13
            ]
          ]
        ], 
        [
          [
            [
              2, 
              2
            ], 
            [
              0, 
              0
            ], 
            [
              4, 
              4
            ], 
            1, 
            2, 
            2
          ]
        ], 
        [
          [
            [
              0, 
              2, 
              3, 
              1
            ], 
            [
              [
                1, 
                1
              ], 
              [
                2, 
                2
              ], 
              [
                1, 
                1
              ], 
              [
                1, 
                1
              ]
            ]
          ]
        ]
      ], 
      [
        13, 
        0, 
        0
      ]
    ], 
    "conv5_b": [
      {
        "cost": 252103193600.0, 
        "time": 55296000, 
        "ops": 37380096000.0, 
        "num_nodes": 25, 
        "is_dram": [
          true, 
          true
        ], 
        "cost_op": 37380096000.0, 
        "cost_access": 211357824000.0, 
        "cost_noc": 3365273600.0, 
        "cost_static": 0, 
        "proc_time": 55296000, 
        "bus_time": 0, 
        "dram_time": 0, 
        "access": [
          [
            5529600.0, 
            120000000.0, 
            144000000.0
          ], 
          [
            552960000.0, 
            0.0, 
            0.0
          ], 
          [
            1658880000.0, 
            216000000.0, 
            432000000.0
          ], 
          [
            37380096000.0, 
            37380096000.0, 
            74760192000.0
          ]
        ], 
        "remote_gbuf_access": [
          0.0, 
          0.0, 
          0.0
        ], 
        "total_nhops": [
          8847360.0, 
          161280000.0, 
          166400000.0
        ], 
        "fetch": [
          [
            1, 
            1, 
            5
          ], 
          [
            100, 
            1, 
            5
          ]
        ], 
        "ti": [
          3, 
          64, 
          1
        ], 
        "to": [
          1, 
          1, 
          32
        ], 
        "tb": [
          100, 
          1, 
          10
        ], 
        "tvals": [
          [
            3, 
            1, 
            100
          ], 
          [
            64, 
            1, 
            1
          ], 
          [
            1, 
            32, 
            10
          ]
        ], 
        "orders": [
          [
            1, 
            2, 
            0
          ], 
          [
            0, 
            1, 
            2
          ]
        ], 
        "size": [
          [
            73728, 
            0, 
            0
          ], 
          [
            96, 
            30, 
            320
          ]
        ], 
        "unit_size": [
          [
            36, 
            25, 
            36
          ], 
          [
            3, 
            3, 
            1
          ]
        ], 
        "unit_cnt": [
          [
            2048, 
            640, 
            320
          ], 
          [
            32, 
            10, 
            320
          ]
        ], 
        "accfwd_reduction": [
          1, 
          1, 
          1
        ], 
        "bufshr_grp_size": [
          1, 
          1, 
          1
        ], 
        "bufshr_subgrp_size": [
          1, 
          1, 
          1
        ], 
        "bufshr_bs_t": [
          1, 
          1, 
          1
        ], 
        "bufshr_bs_ord": [
          0, 
          1, 
          2
        ], 
        "bufshr_rot_fetch": [
          0.0, 
          0.0, 
          0.0
        ], 
        "bufshr_rot_round_cnt": [
          0, 
          0, 
          0
        ], 
        "bufshr_rot_unit_cnt": [
          1, 
          1, 
          1
        ], 
        "bufshr_wide_fetch": [
          0.0, 
          0.0, 
          0.0
        ], 
        "bufshr_wide_fetch_width": [
          0.0, 
          0.0, 
          0.0
        ], 
        "part": [
          [
            0, 
            2, 
            3, 
            1
          ], 
          [
            [
              1, 
              1
            ], 
            [
              5, 
              5
            ], 
            [
              1, 
              1
            ], 
            [
              1, 
              1
            ]
          ]
        ], 
        "mem_nhops": [
          8847360, 
          161280000, 
          166400000
        ], 
        "node_nhops": [
          0.0, 
          0.0, 
          0.0
        ], 
        "unit_nhops": [
          8847360, 
          161280000, 
          33280000
        ]
      }, 
      [
        [
          [
            [
              0, 
              0, 
              0, 
              0
            ], 
            [
              1000, 
              128, 
              13, 
              13
            ]
          ]
        ], 
        [
          [
            [
              2, 
              2
            ], 
            [
              0, 
              0
            ], 
            [
              4, 
              4
            ], 
            1, 
            2, 
            2
          ]
        ], 
        [
          [
            [
              0, 
              2, 
              3, 
              1
            ], 
            [
              [
                1, 
                1
              ], 
              [
                2, 
                2
              ], 
              [
                1, 
                1
              ], 
              [
                1, 
                1
              ]
            ]
          ]
        ]
      ], 
      [
        14, 
        0, 
        0
      ]
    ], 
    "pool3_b": [
      {
        "cost": 19578367999.999996, 
        "time": 132000, 
        "ops": 41471999.99999999, 
        "num_nodes": 25, 
        "is_dram": [
          true, 
          true
        ], 
        "cost_op": 41471999.99999999, 
        "cost_access": 18953215999.999996, 
        "cost_noc": 583680000.0, 
        "cost_static": 0, 
        "proc_time": 132000, 
        "bus_time": 0, 
        "dram_time": 0, 
        "access": [
          [
            0, 
            79999999.99999999, 
            12799999.999999998
          ], 
          [
            0, 
            0.0, 
            0.0
          ], 
          [
            0, 
            95999999.99999999, 
            38400000.0
          ], 
          [
            0.0, 
            41471999.99999999, 
            82943999.99999999
          ]
        ], 
        "remote_gbuf_access": [
          0.0, 
          0.0, 
          0.0
        ], 
        "total_nhops": [
          0.0, 
          52224000.0, 
          6144000.0
        ], 
        "fetch": [
          [
            1, 
            1, 
            1
          ], 
          [
            1, 
            1, 
            1
          ]
        ], 
        "ti": [
          1, 
          1, 
          1
        ], 
        "to": [
          1, 
          1, 
          22
        ], 
        "tb": [
          1, 
          200, 
          5
        ], 
        "tvals": [
          [
            1, 
            1, 
            1
          ], 
          [
            1, 
            1, 
            200
          ], 
          [
            1, 
            22, 
            5
          ]
        ], 
        "orders": [
          [
            0, 
            1, 
            2
          ], 
          [
            0, 
            1, 
            2
          ]
        ], 
        "size": [
          [
            0, 
            0, 
            0
          ], 
          [
            0, 
            330, 
            110
          ]
        ], 
        "unit_size": [
          [
            0, 
            150, 
            24
          ], 
          [
            0, 
            3, 
            1
          ]
        ], 
        "unit_cnt": [
          [
            1, 
            22000, 
            22000
          ], 
          [
            1, 
            110, 
            110
          ]
        ], 
        "accfwd_reduction": [
          1, 
          1, 
          1
        ], 
        "bufshr_grp_size": [
          1, 
          1, 
          1
        ], 
        "bufshr_subgrp_size": [
          1, 
          1, 
          1
        ], 
        "bufshr_bs_t": [
          1, 
          1, 
          1
        ], 
        "bufshr_bs_ord": [
          0, 
          1, 
          2
        ], 
        "bufshr_rot_fetch": [
          0.0, 
          0.0, 
          0.0
        ], 
        "bufshr_rot_round_cnt": [
          0, 
          0, 
          0
        ], 
        "bufshr_rot_unit_cnt": [
          1, 
          1, 
          1
        ], 
        "bufshr_wide_fetch": [
          0.0, 
          0.0, 
          0.0
        ], 
        "bufshr_wide_fetch_width": [
          0.0, 
          0.0, 
          0.0
        ], 
        "part": [
          [
            0, 
            2, 
            3, 
            1
          ], 
          [
            [
              1, 
              1
            ], 
            [
              5, 
              5
            ], 
            [
              1, 
              1
            ], 
            [
              1, 
              1
            ]
          ]
        ], 
        "mem_nhops": [
          0, 
          52224000, 
          6144000
        ], 
        "node_nhops": [
          0.0, 
          0.0, 
          0.0
        ], 
        "unit_nhops": [
          0, 
          52224000, 
          6144000
        ]
      }, 
      [
        [
          [
            [
              0, 
              0, 
              0, 
              0
            ], 
            [
              1000, 
              128, 
              6, 
              6
            ]
          ]
        ], 
        [
          [
            [
              2, 
              2
            ], 
            [
              0, 
              0
            ], 
            [
              4, 
              4
            ], 
            1, 
            2, 
            2
          ]
        ], 
        [
          [
            [
              0, 
              2, 
              3, 
              1
            ], 
            [
              [
                1, 
                1
              ], 
              [
                2, 
                2
              ], 
              [
                1, 
                1
              ], 
              [
                1, 
                1
              ]
            ]
          ]
        ]
      ], 
      [
        15, 
        0, 
        0
      ]
    ], 
    "fc1": [
      {
        "cost": 280722307040.0, 
        "time": 36864000, 
        "ops": 37748736000.0, 
        "num_nodes": 25, 
        "is_dram": [
          true, 
          true
        ], 
        "cost_op": 37748736000.0, 
        "cost_access": 232440126400.0, 
        "cost_noc": 10533444640.0, 
        "cost_static": 0, 
        "proc_time": 36864000, 
        "bus_time": 0, 
        "dram_time": 0, 
        "access": [
          [
            75571200.0, 
            230400000.0, 
            4100000.0
          ], 
          [
            0.0, 
            0.0, 
            1045500000.0
          ], 
          [
            75571200.0, 
            230400000.0, 
            6273000000.0
          ], 
          [
            37748736000.0, 
            37748736000.0, 
            75497472000.0
          ]
        ], 
        "remote_gbuf_access": [
          0.0, 
          0.0, 
          0.0
        ], 
        "total_nhops": [
          120766464.0, 
          921600000.0, 
          10978000.0
        ], 
        "fetch": [
          [
            2, 
            1, 
            1
          ], 
          [
            2, 
            1, 
            255
          ]
        ], 
        "ti": [
          128, 
          1, 
          2
        ], 
        "to": [
          1, 
          1, 
          24
        ], 
        "tb": [
          2, 
          500, 
          1
        ], 
        "tvals": [
          [
            128, 
            1, 
            2
          ], 
          [
            1, 
            1, 
            500
          ], 
          [
            2, 
            24, 
            1
          ]
        ], 
        "orders": [
          [
            0, 
            2, 
            1
          ], 
          [
            1, 
            2, 
            0
          ]
        ], 
        "size": [
          [
            0, 
            0, 
            84000
          ], 
          [
            288, 
            12, 
            24
          ]
        ], 
        "unit_size": [
          [
            252, 
            36, 
            7
          ], 
          [
            6, 
            6, 
            1
          ]
        ], 
        "unit_cnt": [
          [
            48, 
            1000, 
            12000
          ], 
          [
            48, 
            2, 
            24
          ]
        ], 
        "accfwd_reduction": [
          1, 
          1, 
          1
        ], 
        "bufshr_grp_size": [
          1, 
          1, 
          1
        ], 
        "bufshr_subgrp_size": [
          1, 
          1, 
          1
        ], 
        "bufshr_bs_t": [
          1, 
          1, 
          1
        ], 
        "bufshr_bs_ord": [
          0, 
          1, 
          2
        ], 
        "bufshr_rot_fetch": [
          0.0, 
          0.0, 
          0.0
        ], 
        "bufshr_rot_round_cnt": [
          0, 
          0, 
          0
        ], 
        "bufshr_rot_unit_cnt": [
          1, 
          1, 
          1
        ], 
        "bufshr_wide_fetch": [
          0.0, 
          0.0, 
          0.0
        ], 
        "bufshr_wide_fetch_width": [
          0.0, 
          0.0, 
          0.0
        ], 
        "part": [
          [
            1, 
            2, 
            3, 
            0
          ], 
          [
            [
              5, 
              5
            ], 
            [
              1, 
              1
            ], 
            [
              1, 
              1
            ], 
            [
              1, 
              1
            ]
          ]
        ], 
        "mem_nhops": [
          120766464, 
          921600000, 
          10978000
        ], 
        "node_nhops": [
          0.0, 
          0.0, 
          0.0
        ], 
        "unit_nhops": [
          60383232, 
          921600000, 
          10978000
        ]
      }, 
      [
        [
          [
            [
              0, 
              0, 
              0, 
              0
            ], 
            [
              1000, 
              4096, 
              1, 
              1
            ]
          ]
        ], 
        [
          [
            [
              2, 
              2
            ], 
            [
              0, 
              0
            ], 
            [
              4, 
              4
            ], 
            1, 
            2, 
            2
          ]
        ], 
        [
          [
            [
              1, 
              2, 
              3, 
              0
            ], 
            [
              [
                2, 
                2
              ], 
              [
                1, 
                1
              ], 
              [
                1, 
                1
              ], 
              [
                1, 
                1
              ]
            ]
          ]
        ]
      ], 
      [
        16, 
        0, 
        0
      ]
    ], 
    "fc2": [
      {
        "cost": 121083614240.0, 
        "time": 16384000, 
        "ops": 16777216000.0, 
        "num_nodes": 25, 
        "is_dram": [
          true, 
          true
        ], 
        "cost_op": 16777216000.0, 
        "cost_access": 99563878400.0, 
        "cost_noc": 4742519840.0, 
        "cost_static": 0, 
        "proc_time": 16384000, 
        "bus_time": 0, 
        "dram_time": 0, 
        "access": [
          [
            33587200.0, 
            102400000.0, 
            4100000.0
          ], 
          [
            0.0, 
            0.0, 
            520700000.0
          ], 
          [
            33587200.0, 
            102400000.0, 
            520700000.0
          ], 
          [
            16777216000.0, 
            16777216000.0, 
            33554432000.0
          ]
        ], 
        "remote_gbuf_access": [
          0.0, 
          0.0, 
          0.0
        ], 
        "total_nhops": [
          53673984.0, 
          409600000.0, 
          10978000.0
        ], 
        "fetch": [
          [
            2, 
            1, 
            1
          ], 
          [
            2, 
            1, 
            127
          ]
        ], 
        "ti": [
          64, 
          1, 
          64
        ], 
        "to": [
          1, 
          1, 
          4
        ], 
        "tb": [
          2, 
          500, 
          1
        ], 
        "tvals": [
          [
            64, 
            1, 
            2
          ], 
          [
            1, 
            1, 
            500
          ], 
          [
            64, 
            4, 
            1
          ]
        ], 
        "orders": [
          [
            0, 
            2, 
            1
          ], 
          [
            1, 
            2, 
            0
          ]
        ], 
        "size": [
          [
            0, 
            0, 
            98000
          ], 
          [
            256, 
            64, 
            4
          ]
        ], 
        "unit_size": [
          [
            49, 
            1, 
            49
          ], 
          [
            1, 
            1, 
            1
          ]
        ], 
        "unit_cnt": [
          [
            256, 
            32000, 
            2000
          ], 
          [
            256, 
            64, 
            4
          ]
        ], 
        "accfwd_reduction": [
          1, 
          1, 
          1
        ], 
        "bufshr_grp_size": [
          1, 
          1, 
          1
        ], 
        "bufshr_subgrp_size": [
          1, 
          1, 
          1
        ], 
        "bufshr_bs_t": [
          1, 
          1, 
          1
        ], 
        "bufshr_bs_ord": [
          0, 
          1, 
          2
        ], 
        "bufshr_rot_fetch": [
          0.0, 
          0.0, 
          0.0
        ], 
        "bufshr_rot_round_cnt": [
          0, 
          0, 
          0
        ], 
        "bufshr_rot_unit_cnt": [
          1, 
          1, 
          1
        ], 
        "bufshr_wide_fetch": [
          0.0, 
          0.0, 
          0.0
        ], 
        "bufshr_wide_fetch_width": [
          0.0, 
          0.0, 
          0.0
        ], 
        "part": [
          [
            1, 
            2, 
            3, 
            0
          ], 
          [
            [
              5, 
              5
            ], 
            [
              1, 
              1
            ], 
            [
              1, 
              1
            ], 
            [
              1, 
              1
            ]
          ]
        ], 
        "mem_nhops": [
          53673984, 
          409600000, 
          10978000
        ], 
        "node_nhops": [
          0.0, 
          0.0, 
          0.0
        ], 
        "unit_nhops": [
          26836992, 
          409600000, 
          10978000
        ]
      }, 
      [
        [
          [
            [
              0, 
              0, 
              0, 
              0
            ], 
            [
              1000, 
              4096, 
              1, 
              1
            ]
          ]
        ], 
        [
          [
            [
              2, 
              2
            ], 
            [
              0, 
              0
            ], 
            [
              4, 
              4
            ], 
            1, 
            2, 
            2
          ]
        ], 
        [
          [
            [
              1, 
              2, 
              3, 
              0
            ], 
            [
              [
                2, 
                2
              ], 
              [
                1, 
                1
              ], 
              [
                1, 
                1
              ], 
              [
                1, 
                1
              ]
            ]
          ]
        ]
      ], 
      [
        17, 
        0, 
        0
      ]
    ], 
    "fc3": [
      {
        "cost": 46559408000.0, 
        "time": 4096000, 
        "ops": 4096000000.0, 
        "num_nodes": 25, 
        "is_dram": [
          true, 
          true
        ], 
        "cost_op": 4096000000.0, 
        "cost_access": 38275072000.0, 
        "cost_noc": 4188336000.0, 
        "cost_static": 0, 
        "proc_time": 4096000, 
        "bus_time": 0, 
        "dram_time": 0, 
        "access": [
          [
            4096000.0, 
            102400000.0, 
            1000000.0
          ], 
          [
            16384000.0, 
            0.0, 
            7000000.0
          ], 
          [
            16384000.0, 
            102400000.0, 
            7000000.0
          ], 
          [
            4096000000.0, 
            4096000000.0, 
            8192000000.0
          ]
        ], 
        "remote_gbuf_access": [
          0.0, 
          0.0, 
          0.0
        ], 
        "total_nhops": [
          6553600.0, 
          409600000.0, 
          2680000.0
        ], 
        "fetch": [
          [
            1, 
            1, 
            1
          ], 
          [
            4, 
            1, 
            7
          ]
        ], 
        "ti": [
          4, 
          1024, 
          1
        ], 
        "to": [
          1, 
          1, 
          1
        ], 
        "tb": [
          1, 
          4, 
          250
        ], 
        "tvals": [
          [
            4, 
            1, 
            1
          ], 
          [
            1024, 
            1, 
            4
          ], 
          [
            1, 
            1, 
            250
          ]
        ], 
        "orders": [
          [
            0, 
            1, 
            2
          ], 
          [
            0, 
            2, 
            1
          ]
        ], 
        "size": [
          [
            40960, 
            0, 
            40000
          ], 
          [
            1, 
            250, 
            250
          ]
        ], 
        "unit_size": [
          [
            40, 
            1, 
            40
          ], 
          [
            1, 
            1, 
            1
          ]
        ], 
        "unit_cnt": [
          [
            1024, 
            1024000, 
            1000
          ], 
          [
            1, 
            250, 
            250
          ]
        ], 
        "accfwd_reduction": [
          1, 
          1, 
          1
        ], 
        "bufshr_grp_size": [
          1, 
          1, 
          1
        ], 
        "bufshr_subgrp_size": [
          1, 
          1, 
          1
        ], 
        "bufshr_bs_t": [
          1, 
          1, 
          1
        ], 
        "bufshr_bs_ord": [
          0, 
          1, 
          2
        ], 
        "bufshr_rot_fetch": [
          0.0, 
          0.0, 
          0.0
        ], 
        "bufshr_rot_round_cnt": [
          0, 
          0, 
          0
        ], 
        "bufshr_rot_unit_cnt": [
          1, 
          1, 
          1
        ], 
        "bufshr_wide_fetch": [
          0.0, 
          0.0, 
          0.0
        ], 
        "bufshr_wide_fetch_width": [
          0.0, 
          0.0, 
          0.0
        ], 
        "part": [
          [
            1, 
            2, 
            3, 
            0
          ], 
          [
            [
              5, 
              5
            ], 
            [
              1, 
              1
            ], 
            [
              1, 
              1
            ], 
            [
              1, 
              1
            ]
          ]
        ], 
        "mem_nhops": [
          6553600, 
          409600000, 
          2680000
        ], 
        "node_nhops": [
          0.0, 
          0.0, 
          0.0
        ], 
        "unit_nhops": [
          6553600, 
          409600000, 
          2680000
        ]
      }, 
      [
        [
          [
            [
              0, 
              0, 
              0, 
              0
            ], 
            [
              1000, 
              1000, 
              1, 
              1
            ]
          ]
        ], 
        [
          [
            [
              2, 
              2
            ], 
            [
              0, 
              0
            ], 
            [
              4, 
              4
            ], 
            1, 
            2, 
            2
          ]
        ], 
        [
          [
            [
              1, 
              2, 
              3, 
              0
            ], 
            [
              [
                2, 
                2
              ], 
              [
                1, 
                1
              ], 
              [
                1, 
                1
              ], 
              [
                1, 
                1
              ]
            ]
          ]
        ]
      ], 
      [
        18, 
        0, 
        0
      ]
    ]
  }
}